<?xml version="1.0" encoding="UTF-8"?>
<project-private xmlns="http://www.netbeans.org/ns/project-private/1">
    <editor-bookmarks xmlns="http://www.netbeans.org/ns/editor-bookmarks/2" lastBookmarkId="0"/>
    <open-files xmlns="http://www.netbeans.org/ns/projectui-open-files/2">
        <group>
            <file>file:/Users/dipta10/NetBeansProjects/BuyAndSell2/src/buyAndSell/ui/Main/MainLoader.java</file>
            <file>file:/Users/dipta10/NetBeansProjects/BuyAndSell2/src/buyAndSell/ui/Main/main.fxml</file>
            <file>file:/Users/dipta10/NetBeansProjects/BuyAndSell2/src/buyAndSell/ui/Main/MainController.java</file>
            <file>file:/Users/dipta10/NetBeansProjects/BuyAndSell2/src/buyAndSell/ui/found/FoundController.java</file>
            <file>file:/Users/dipta10/NetBeansProjects/BuyAndSell2/src/buyAndSell/ui/InUp/InUpController.java</file>
        </group>
    </open-files>
</project-private>
